{"v":"5.4.1","fr":29.9700012207031,"ip":0,"op":60.0000024438501,"w":142,"h":142,"nm":"not_found","ddd":0,"assets":[],"layers":[{"ddd":0,"ind":1,"ty":4,"nm":"Quest","sr":1,"ks":{"o":{"a":0,"k":100,"ix":11},"r":{"a":0,"k":0,"ix":10},"p":{"a":0,"k":[74.112,74.152,0],"ix":2},"a":{"a":0,"k":[11.285,11.173,0],"ix":1},"s":{"a":0,"k":[100,100,100],"ix":6}},"ao":0,"shapes":[{"ty":"gr","it":[{"ind":0,"ty":"sh","ix":1,"ks":{"a":0,"k":{"i":[[0.112,0.368],[-0.208,0.433],[-0.705,0.705],[-0.625,-0.016],[-0.898,-0.897],[-0.16,-0.481],[0.225,-0.449],[0.689,-0.689],[0.705,-0.032],[0.658,0.657],[0,0],[0.176,0.208]],"o":[[-0.128,-0.385],[0.225,-0.448],[0.705,-0.705],[0.625,-0.016],[0.642,0.642],[0.145,0.465],[-0.224,0.416],[-0.69,0.689],[-0.545,0],[0,0],[-0.37,-0.369],[-0.16,-0.225]],"v":[[3.895,7.798],[4.014,6.571],[5.41,4.841],[7.406,3.807],[9.689,5.129],[10.891,6.812],[10.771,8.183],[9.4,9.841],[7.309,10.923],[5.505,9.938],[5.122,9.553],[4.303,8.688]],"c":true},"ix":2},"nm":"Path 1","mn":"ADBE Vector Shape - Group","hd":false},{"ind":1,"ty":"sh","ix":2,"ks":{"a":0,"k":{"i":[[0.32,0.32],[0,0],[0.016,0.785],[-0.336,0.594],[-0.08,0.689],[0.514,0.513],[0.593,-0.017],[0.593,-0.593],[0.096,-0.481],[-0.128,-0.257],[0,0],[-0.032,-0.417],[0.304,-0.305],[0.689,-0.304],[0.545,0.545],[0.144,0.337],[0.096,0.223],[0.144,0.689],[-0.049,0.658],[-0.401,0.913],[-0.801,0.801],[-2.164,-0.016],[-1.442,-1.442],[-0.335,-0.849],[0.016,-0.689],[0.385,-0.834],[0,0],[-0.112,-0.177],[-0.049,-0.305],[0.209,-0.369],[0.465,-0.465],[0.369,-0.209],[0.304,0.08],[0.177,0.111]],"o":[[0,0],[-0.689,-0.69],[0,-0.802],[0.337,-0.593],[0.096,-0.705],[-0.528,-0.529],[-0.577,0],[-0.593,0.593],[-0.096,0.449],[0,0],[0.272,0.561],[0.016,0.401],[-0.305,0.305],[-1.33,0.594],[-0.24,-0.24],[-0.16,-0.353],[-0.113,-0.241],[-0.129,-0.705],[0.048,-0.689],[0.384,-0.93],[1.699,-1.699],[2.163,0.017],[0.69,0.689],[0.337,0.817],[-0.032,1.379],[0,0],[0.273,0.272],[0.128,0.16],[0.048,0.273],[-0.208,0.336],[-0.465,0.465],[-0.352,0.192],[-0.305,-0.08],[-0.176,-0.145]],"v":[[-0.313,3.399],[-0.48,3.182],[-1.539,0.97],[-1.035,-1.122],[-0.409,-3.045],[-1.035,-4.872],[-2.717,-5.641],[-4.472,-4.752],[-5.506,-3.141],[-5.458,-2.083],[-5.241,-1.723],[-4.785,-0.256],[-5.217,0.802],[-6.708,1.715],[-9.521,1.787],[-10.098,0.922],[-10.482,0.057],[-10.867,-1.338],[-10.986,-3.382],[-10.314,-5.785],[-8.535,-8.382],[-2.741,-10.907],[2.669,-8.719],[4.206,-6.411],[4.689,-4.151],[4.064,-0.833],[3.799,-0.328],[4.376,0.345],[4.641,1.042],[4.4,2.004],[3.389,3.206],[2.139,4.216],[1.154,4.384],[0.432,4.096]],"c":true},"ix":2},"nm":"Path 2","mn":"ADBE Vector Shape - Group","hd":false},{"ty":"mm","mm":1,"nm":"Merge Paths 1","mn":"ADBE Vector Filter - Merge","hd":false},{"ty":"fl","c":{"a":0,"k":[0.556999954523,0.556999954523,0.57599995931,1],"ix":4},"o":{"a":0,"k":100,"ix":5},"r":1,"nm":"Fill 1","mn":"ADBE Vector Graphic - Fill","hd":false},{"ty":"tr","p":{"a":0,"k":[11.285,11.173],"ix":2},"a":{"a":0,"k":[0,0],"ix":1},"s":{"a":0,"k":[100,100],"ix":3},"r":{"a":0,"k":0,"ix":6},"o":{"a":0,"k":100,"ix":7},"sk":{"a":0,"k":0,"ix":4},"sa":{"a":0,"k":0,"ix":5},"nm":"Transform"}],"nm":"Group 1","np":4,"cix":2,"ix":1,"mn":"ADBE Vector Group","hd":false}],"ip":0,"op":61.0000024845809,"st":0,"bm":0},{"ddd":0,"ind":2,"ty":4,"nm":"collar","sr":1,"ks":{"o":{"a":0,"k":100,"ix":11},"r":{"a":0,"k":0,"ix":10},"p":{"a":0,"k":[51.534,52.535,0],"ix":2},"a":{"a":0,"k":[12.302,12.302,0],"ix":1},"s":{"a":0,"k":[100,100,100],"ix":6}},"ao":0,"shapes":[{"ty":"gr","it":[{"ind":0,"ty":"sh","ix":1,"ks":{"a":0,"k":{"i":[[0,0],[0.026,-2.851],[2.609,-2.609],[3.398,-0.015],[2.352,1.787]],"o":[[1.788,2.352],[-0.014,3.399],[-2.594,2.595],[-2.851,0.026],[0,0]],"v":[[8.042,-10.702],[10.676,-2.68],[6.717,6.732],[-2.68,10.676],[-10.702,8.042]],"c":false},"ix":2},"nm":"Path 1","mn":"ADBE Vector Shape - Group","hd":false},{"ty":"st","c":{"a":0,"k":[0.6078431372549019,0.9647058823529412,1,1],"ix":3},"o":{"a":0,"k":100,"ix":4},"w":{"a":0,"k":1.6,"ix":5},"lc":2,"lj":2,"d":[{"n":"d","nm":"dash","v":{"a":0,"k":6,"ix":1}},{"n":"g","nm":"gap","v":{"a":0,"k":5,"ix":2}},{"n":"o","nm":"offset","v":{"a":1,"k":[{"i":{"x":[0.833],"y":[0.833]},"o":{"x":[0.167],"y":[0.167]},"n":["0p833_0p833_0p167_0p167"],"t":0,"s":[0],"e":[22]},{"t":59.0000024031193}],"ix":7}}],"nm":"Stroke 1","mn":"ADBE Vector Graphic - Stroke","hd":false},{"ty":"tr","p":{"a":0,"k":[12.302,12.302],"ix":2},"a":{"a":0,"k":[0,0],"ix":1},"s":{"a":0,"k":[100,100],"ix":3},"r":{"a":0,"k":0,"ix":6},"o":{"a":0,"k":100,"ix":7},"sk":{"a":0,"k":0,"ix":4},"sa":{"a":0,"k":0,"ix":5},"nm":"Transform"}],"nm":"Group 1","np":2,"cix":2,"ix":1,"mn":"ADBE Vector Group","hd":false}],"ip":0,"op":61.0000024845809,"st":0,"bm":0},{"ddd":0,"ind":3,"ty":4,"nm":"t-shirt","sr":1,"ks":{"o":{"a":0,"k":100,"ix":11},"r":{"a":0,"k":0,"ix":10},"p":{"a":0,"k":[68.565,68.951,0],"ix":2},"a":{"a":0,"k":[44.41,44.397,0],"ix":1},"s":{"a":0,"k":[100,100,100],"ix":6}},"ao":0,"shapes":[{"ty":"gr","it":[{"ind":0,"ty":"sh","ix":1,"ks":{"a":0,"k":{"i":[[-0.074,0.049],[-2.963,2.988],[-2.499,3.527],[-0.247,0.124],[0,0],[-0.342,-0.539],[0,0],[0.592,-0.396],[0,0],[0,0],[0.506,-0.506],[0,0],[0.502,0.502],[0,0],[0,0],[0.588,0.392],[0,0],[-0.261,0.604],[0,0],[-0.136,0.136]],"o":[[3.539,-2.486],[3,-3.001],[0.124,-0.197],[0,0],[0.579,-0.236],[0,0],[0.391,0.589],[0,0],[0,0],[0.502,0.502],[0,0],[-0.506,0.505],[0,0],[0,0],[-0.396,0.593],[0,0],[-0.552,-0.33],[0,0],[0.05,-0.173],[0.062,-0.062]],"v":[[-30.309,-12.332],[-20.549,-20.549],[-12.307,-30.334],[-11.74,-30.829],[15.15,-42.561],[16.747,-42.076],[25.663,-28.171],[25.286,-26.399],[15.189,-19.778],[42.307,7.34],[42.299,9.184],[9.197,42.288],[7.353,42.295],[-19.766,15.176],[-26.374,25.261],[-28.159,25.65],[-42.027,16.771],[-42.549,15.137],[-30.829,-11.69],[-30.531,-12.159]],"c":true},"ix":2},"nm":"Path 1","mn":"ADBE Vector Shape - Group","hd":false},{"ty":"st","c":{"a":0,"k":[0.6078431372549019,0.9647058823529412,1,1],"ix":3},"o":{"a":0,"k":100,"ix":4},"w":{"a":0,"k":1.6,"ix":5},"lc":2,"lj":2,"d":[{"n":"d","nm":"dash","v":{"a":0,"k":6,"ix":1}},{"n":"g","nm":"gap","v":{"a":0,"k":5,"ix":2}},{"n":"o","nm":"offset","v":{"a":1,"k":[{"i":{"x":[0.833],"y":[0.833]},"o":{"x":[0.167],"y":[0.167]},"n":["0p833_0p833_0p167_0p167"],"t":0,"s":[0],"e":[22]},{"t":59.0000024031193}],"ix":7}}],"nm":"Stroke 1","mn":"ADBE Vector Graphic - Stroke","hd":false},{"ty":"tr","p":{"a":0,"k":[44.41,44.397],"ix":2},"a":{"a":0,"k":[0,0],"ix":1},"s":{"a":0,"k":[100,100],"ix":3},"r":{"a":0,"k":0,"ix":6},"o":{"a":0,"k":100,"ix":7},"sk":{"a":0,"k":0,"ix":4},"sa":{"a":0,"k":0,"ix":5},"nm":"Transform"}],"nm":"Group 1","np":2,"cix":2,"ix":1,"mn":"ADBE Vector Group","hd":false}],"ip":0,"op":61.0000024845809,"st":0,"bm":0},{"ddd":0,"ind":4,"ty":4,"nm":"bg t-shirt","sr":1,"ks":{"o":{"a":0,"k":100,"ix":11},"r":{"a":0,"k":0,"ix":10},"p":{"a":0,"k":[68.565,68.951,0],"ix":2},"a":{"a":0,"k":[43.06,43.047,0],"ix":1},"s":{"a":0,"k":[100,100,100],"ix":6}},"ao":0,"shapes":[{"ty":"gr","it":[{"ind":0,"ty":"sh","ix":1,"ks":{"a":0,"k":{"i":[[-0.074,0.049],[-2.963,2.988],[-2.499,3.527],[-0.247,0.124],[0,0],[-0.342,-0.539],[0,0],[0.592,-0.396],[0,0],[0,0],[0.506,-0.506],[0,0],[0.502,0.502],[0,0],[0,0],[0.588,0.392],[0,0],[-0.261,0.604],[0,0],[-0.136,0.136]],"o":[[3.539,-2.486],[3,-3.001],[0.124,-0.197],[0,0],[0.579,-0.236],[0,0],[0.391,0.589],[0,0],[0,0],[0.502,0.502],[0,0],[-0.506,0.505],[0,0],[0,0],[-0.396,0.593],[0,0],[-0.552,-0.33],[0,0],[0.05,-0.173],[0.062,-0.062]],"v":[[-30.309,-12.332],[-20.549,-20.549],[-12.307,-30.334],[-11.74,-30.829],[15.15,-42.561],[16.747,-42.076],[25.663,-28.171],[25.286,-26.399],[15.189,-19.778],[42.307,7.34],[42.299,9.184],[9.197,42.288],[7.353,42.295],[-19.766,15.176],[-26.374,25.261],[-28.159,25.65],[-42.027,16.771],[-42.549,15.137],[-30.829,-11.69],[-30.531,-12.159]],"c":true},"ix":2},"nm":"Path 1","mn":"ADBE Vector Shape - Group","hd":false},{"ty":"fl","c":{"a":0,"k":[1,1,1,1],"ix":4},"o":{"a":0,"k":100,"ix":5},"r":1,"nm":"Fill 1","mn":"ADBE Vector Graphic - Fill","hd":false},{"ty":"tr","p":{"a":0,"k":[43.059,43.047],"ix":2},"a":{"a":0,"k":[0,0],"ix":1},"s":{"a":0,"k":[100,100],"ix":3},"r":{"a":0,"k":0,"ix":6},"o":{"a":0,"k":100,"ix":7},"sk":{"a":0,"k":0,"ix":4},"sa":{"a":0,"k":0,"ix":5},"nm":"Transform"}],"nm":"Group 1","np":2,"cix":2,"ix":1,"mn":"ADBE Vector Group","hd":false}],"ip":0,"op":61.0000024845809,"st":0,"bm":0},{"ddd":0,"ind":5,"ty":4,"nm":"BG","sr":1,"ks":{"o":{"a":0,"k":100,"ix":11},"r":{"a":0,"k":0,"ix":10},"p":{"a":0,"k":[71,71,0],"ix":2},"a":{"a":0,"k":[71.25,71.25,0],"ix":1},"s":{"a":0,"k":[100,100,100],"ix":6}},"ao":0,"shapes":[{"ty":"gr","it":[{"ind":0,"ty":"sh","ix":1,"ks":{"a":0,"k":{"i":[[-39.212,0],[0,-39.212],[39.212,0],[0,39.212]],"o":[[39.212,0],[0,39.212],[-39.212,0],[0,-39.212]],"v":[[0,-71],[71,0],[0,71],[-71,0]],"c":true},"ix":2},"nm":"Path 1","mn":"ADBE Vector Shape - Group","hd":false},{"ty":"fl","c":{"a":0,"k":[1,1,1,1],"ix":4},"o":{"a":0,"k":100,"ix":5},"r":1,"nm":"Fill 1","mn":"ADBE Vector Graphic - Fill","hd":false},{"ty":"tr","p":{"a":0,"k":[71.25,71.25],"ix":2},"a":{"a":0,"k":[0,0],"ix":1},"s":{"a":0,"k":[100,100],"ix":3},"r":{"a":0,"k":0,"ix":6},"o":{"a":0,"k":100,"ix":7},"sk":{"a":0,"k":0,"ix":4},"sa":{"a":0,"k":0,"ix":5},"nm":"Transform"}],"nm":"Group 1","np":2,"cix":2,"ix":1,"mn":"ADBE Vector Group","hd":false}],"ip":0,"op":61.0000024845809,"st":0,"bm":0}],"markers":[]}